set_num,ptid,Donor_Type,Organ_Received_Datetime_Flag,Organ_Frozen_Datetime_Flag,Admit_Datetime_Flag,Braindeath_Datetime_Flag,Xclamp_Datetime_Flag,Hospitalization_Stay_Minutes,Transport_Duration_Minutes,Processing_Time_Minutes,Hospitalization_Stay_Days,Processing_Time_Minutes1,transport_duration_hours,DonorType,abo_subtype,oppc_PancreasWT,oppc_Gender,oppc_Ethnicity,oppc_ABO,multi_organ_donor,non_hrt_beat_donor,oppc_ageR,oppc_heightR,oppc_weightR,oppc_bmiR,cod_final,death_mech_final,replace,hospbin,donor,sex,ethnicity,clamp_Datetime_Flag,age_group,nPODCaseID,diabetes_Duration_yrs,oppc_C_peptideR,oppc_HbA1cR,diabetes_history,insulin_depd,insulin_meds_taken,cpeptide,dataSetsDemographicsDonorType,pt_steroids,pt_diuretics,pt_t3,pt_t4,anticonv,antihype,vasodil,ddavp,heparin,arginine,insulin,dmed_other1,dmed_other2,dmed_other3,dmed_other4,dmed_other5,dmed_other6,dmed_other7,dmed_other8,dmed_other9
6,6003,No diabetes,0,0,0,0,0,3994,84,30,2.773611111,30,1.4,No diabetes,O,,Female,Caucasian,O+,Yes,No,23,160,75,29.3,HEAD TRAUMA,blunt injury,TRUE,3,0,2,1,,3,6003,,,,No,,None,,No diabetes,Y,Y,N,Y,Y,N,N,N,Y,N,N,CEFEPIME,none,none,DOPAMINE,none,none,CLINDAMYCIN,none,none
1,6005,No diabetes,0,0,0,0,0,9184,1496,30,6.377777778,30,24.93333333,No diabetes,A1,,Female,Caucasian,A-,Yes,No,5,104,17,15.7,CEREBROVASCULAR/STROKE,intracranial hemorrhage/stroke,TRUE,9,0,2,1,,1,6005,,,,No,,None,,No diabetes,Y,Y,N,N,N,N,N,N,Y,N,Y,MYCAMINE,none,none,NARCAN,none,none,REGATINE,none,none
3,6007,No diabetes,0,0,0,0,0,9985,264,20,6.934027778,20,4.4,No diabetes,O,,Male,African Am,O+,Yes,No,9,143,41,20,ANOXIA,,TRUE,9,0,1,3,,1,6007,,,,No,,None,,No diabetes,Y,Y,N,Y,Y,N,Y,N,Y,N,Y,ANCEF,none,none,none,none,none,none,none,none
7,6008,No diabetes,0,0,0,0,0,15058,112,30,10.45694444,30,1.866666667,No diabetes,O,,Female,Caucasian,O+,Yes,Yes,50,160,62,24.2,HEAD TRAUMA,blunt injury,TRUE,9,0,2,1,,3,6008,,,,No,,None,,No diabetes,N,N,N,N,Y,N,N,N,N,N,Y,CEFEPINE,none,none,ANCF,none,none,KCL,none,none
5,6011,No diabetes,0,0,0,0,0,40531,59,42,28.14652778,42,0.983333333,No diabetes,O,,Female,African Am,O+,Yes,No,46,163,70,26.3,CEREBROVASCULAR/STROKE,intracranial hemorrhage/stroke,TRUE,9,0,2,3,,3,6011,,,,No,,None,,No diabetes,Y,Y,N,N,N,N,N,N,Y,N,N,PROPOFOL,none,none,PENTOBARB,none,none,VANC,none,none
9,6019,No diabetes,0,0,0,0,0,11642,215,40,8.084722222,40,3.583333333,No diabetes,O,,Male,Caucasian,O-,Yes,No,42,175,95,31,HEAD TRAUMA,intracranial hemorrhage/stroke,TRUE,9,0,1,1,,3,6019,,0.47,5.6,No,,None,0.47,No diabetes,Y,Y,N,Y,Y,Y,N,N,Y,N,Y,NARCAN,none,none,FACTOR 7,none,none,D5D,none,none
10,6047,No diabetes,0,0,0,0,0,4851,737,30,3.36875,30,12.28333333,No diabetes,O,53.02,Male,Caucasian,O-,Yes,No,7.8,111.8,30,23.9,ANOXIA,drowning,TRUE,6,0,1,1,,1,6047,,0.65,5.5,No,,No,0.65,No diabetes,Y,Y,N,Y,Y,N,Y,N,Y,Y,Y,CLEOCIN,none,none,none,none,none,none,none,none
11,6048,No diabetes,0,0,0,0,0,1927,368,55,1.338194444,55,6.133333333,No diabetes,O,139,Male,Caucasian,O-,Yes,No,30,165.1,56,20.6,CEREBROVASCULAR/STROKE,intracranial hemorrhage/stroke,TRUE,3,0,1,1,,3,6048,,17.91,,No,,No,17.91,No diabetes,Y,Y,N,N,N,N,Y,Y,Y,Y,N,CEFEPIME,none,none,VANCOMYCIN,none,none,PROTONIX,none,none
10,6057,No diabetes,0,0,0,0,0,12416,709,255,8.622222222,255,11.81666667,No diabetes,O,104.36,Male,Caucasian,O+,Yes,No,22,188,92,26,HEAD TRAUMA,blunt injury,TRUE,9,0,1,1,,3,6057,,16.23,,No,,No,16.23,No diabetes,N,Y,N,N,N,N,Y,N,Y,N,N,none,none,none,none,none,none,none,none,none
6,6060,No diabetes,0,0,0,0,0,13119,396,215,9.110416667,215,6.6,No diabetes,A1,104,Male,Caucasian,A+,Yes,No,24,175.3,100,32.7,HEAD TRAUMA,blunt injury,TRUE,9,0,1,1,,3,6060,,13.63,,No,,No,13.63,No diabetes,N,Y,N,Y,N,N,Y,N,Y,N,N,COLACE,PROTONIX,PROPOFOL,CLOACIN, LEVAQUIN, MORPHINE,VANCOMYCIN,AMINOPHLLINE,none
14,6073,No diabetes,0,0,0,0,0,3560,754,50,2.472222222,50,12.56666667,No diabetes,O,66.5,Male,Caucasian,O+,Yes,No,19.2,165.1,98,36,ANOXIA,cardiovascular,TRUE,3,0,1,1,,2,6073,,0.69,,Unknown,,No,0.69,No diabetes,Y,Y,Y,N,N,N,N,Y,Y,Y,Y,Invanz,none,none,Magnesium,none,none,potassium chloride,none,none
8,6099,No diabetes,0,1,0,0,0,2945,890,,2.045138889,,14.83333333,No diabetes,A2B,85.56,Male,Caucasian,AB+,Yes,No,14.2,175.3,92,30,HEAD TRAUMA,blunt injury,TRUE,3,0,1,1,,2,6099,,5.37,,No,,No,5.37,No diabetes,Y,Y,N,Y,N,N,N,N,Y,Y,Y,neosynephrine,none,none,merrem,KCL,none,flolan,none,none
11,6104,No diabetes,0,1,0,0,0,4703,352,,3.265972222,,5.866666667,No diabetes,O,55.2,Male,Caucasian,O+,Yes,No,41,190.5,74,20.5,ANOXIA,drug intoxication,TRUE,6,0,1,1,,3,6104,,20.55,,No,,No,20.55,No diabetes,Y,Y,N,N,N,N,Y,N,Y,N,N,NARCAN,none,none,CEFEPIME,none,none,none,none,none
1,6106,No diabetes,0,0,0,0,0,4164,1131,45,2.891666667,45,18.85,No diabetes,A1,16.32,Male,Caucasian,A+,Yes,No,2.9,94,16,18.1,ANOXIA,drowning,TRUE,3,0,1,1,,1,6106,,7.36,,No,,None,7.36,No diabetes,Y,Y,N,Y,N,N,N,N,Y,Y,Y,Albuterol, Atrovent,Nystatin,Unasyn,Mag,Vitamin K,Na Bicarb, KCl, Pavulon
13,6115,No diabetes,0,0,0,0,0,16117,848,45,11.19236111,45,14.13333333,No diabetes,A,3.9,Male,Caucasian,A1-,Yes,No,0.42,64,7,17.1,ANOXIA,sids,TRUE,9,0,1,1,,1,6115,,4.59,,No,,No,4.59,No diabetes,Y,Y,N,N,N,N,N,N,Y,Y,N,CEFEPIME,none,none,GENTAMYCIN,none,none,vancomycin,none,none
1,6117,No diabetes,0,0,0,0,0,4785,940,65,3.322916667,65,15.66666667,No diabetes,B,5.4,Male,Caucasian,B-,Yes,No,0.33,66,8.5,18.4,HEAD TRAUMA,blunt injury,TRUE,6,0,1,1,,1,6117,,3.27,,No,,No,3.27,No diabetes,N,Y,N,Y,N,N,N,Y,Y,N,Y,Dopamine,KCL,Zosyn,Dextrose,none,none,none,none,none
4,6126,No diabetes,0,0,0,0,0,7024,673,340,4.877777778,340,11.21666667,No diabetes,O,80.2,Male,Caucasian,O+,Yes,No,25.2,175.3,77,25.1,HEAD TRAUMA,blunt injury,TRUE,6,0,1,1,,3,6126,,0.88,,No,,No,0.88,No diabetes,Y,Y,N,Y,N,N,N,N,Y,Y,N,ANCEF,none,none,none,none,none,none,none,none
7,6129,No diabetes,0,0,0,0,0,6058,1132,75,4.206944444,75,18.86666667,No diabetes,O,58.84,Female,Caucasian,O-,Yes,No,42.9,152.4,54,23.4,ANOXIA,intracranial hemorrhage/stroke,TRUE,6,0,2,1,,3,6129,,0.51,5.2,No,,No,0.51,No diabetes,Y,Y,N,N,N,Y,N,N,Y,N,Y,zosyn,none,none,none,none,none,vecuronium,none,none
4,6131,No diabetes,0,0,0,0,0,2743,1127,120,1.904861111,120,18.78333333,No diabetes,B,108.92,Male,Caucasian,B+,Yes,Yes,24.2,182.9,83,24.8,ANOXIA,drug intoxication,TRUE,3,0,1,1,,3,6131,,1.01,,No,,No,1.01,No diabetes,Y,N,N,Y,N,N,N,N,Y,Y,N,dopamine,neo,none,levophed,none,none,ancef, vonco, zoayn
13,6134,No diabetes,0,0,0,0,0,2905,1010,75,2.017361111,75,16.83333333,No diabetes,O,82.42,Male,Caucasian,O+,Yes,No,26.7,180.3,65,20.1,ANOXIA,drug intoxication,TRUE,3,0,1,1,,3,6134,,3.59,,No,,No,3.59,No diabetes,Y,Y,N,Y,N,Y,N,N,Y,Y,N,NEO,BICARB,none,MILRINONE,CARDEINE,none,ANCEF,none,none
11,6140,No diabetes,0,0,0,0,0,11767,835,195,8.171527778,195,13.91666667,No diabetes,A1,65.1,Male,Caucasian,A+,Yes,No,38,170.2,59,21.7,CEREBROVASCULAR/STROKE,intracranial hemorrhage/stroke,TRUE,9,0,1,1,,3,6140,,11.1,6,No,,No,11.1,No diabetes,Y,Y,N,Y,N,Y,N,N,Y,Y,Y,ROCEPHIN,VANCOMYCIN,none,NIMBEX,none,none,BENADRYL,none,none
15,6144,No diabetes,0,0,0,0,0,34014,426,90,23.62083333,90,7.1,No diabetes,B,45,Female,Hispanic/Latino,B+,Yes,Yes,7.5,124.5,25,16.3,Respiratory Distress/Failure,natural causes,TRUE,9,0,2,2,,1,6144,,1.27,,No,,No,1.27,No diabetes,N,N,N,N,N,N,N,N,Y,N,N,none,none,none,none,none,none,none,none,none
9,6162,No diabetes,0,0,0,0,0,2193,1203,115,1.522916667,115,20.05,No diabetes,B,81.5,Male,African Am,B+,Yes,No,22.7,188,102,28.9,HEAD TRAUMA,gunshot wound,TRUE,3,0,1,3,,3,6162,,7.61,,No,,No,7.61,No diabetes,N,Y,N,Y,N,N,N,N,Y,Y,N,unasyn,none,none,none,none,none,none,none,none
5,6165,No diabetes,0,0,0,0,0,6815,985,120,4.732638889,120,16.41666667,No diabetes,O,97.41,Female,Caucasian,O+,Yes,No,45.8,165.1,68,25,CEREBROVASCULAR/STROKE,,TRUE,6,0,2,1,,3,6165,,4.45,5.6,No,,No,4.45,No diabetes,N,Y,N,N,N,Y,N,N,Y,N,N,NIMBEX,NARCAN,FENTANYL,ALBUTEROL,ATROVENT,none,ZOSYN,TOBRAMYCIN,CISATRACURIUM
14,6172,No diabetes,0,0,0,0,0,10358,999,135,7.193055556,135,16.65,No diabetes,A1,59.7,Female,Caucasian,A+,Yes,No,19.2,172.7,97,32.4,CEREBROVASCULAR/STROKE,intracranial hemorrhage/stroke,TRUE,9,0,2,1,,2,6172,,8.02,5.4,No,,,8.02,No diabetes,Y,Y,N,Y,N,N,N,Y,Y,Y,Y,none,none,none,none,none,none,none,none,none
3,6174,No diabetes,0,0,0,0,0,1181,604,135,0.820138889,135,10.06666667,No diabetes,O,79.3,Male,Caucasian,O+,Yes,No,20.8,196,75,19.5,CEREBROVASCULAR/STROKE,blunt injury,TRUE,3,0,1,1,,3,6174,,3,,No,,,3,No diabetes,Y,N,N,Y,N,N,N,N,Y,Y,Y,dobutamine,none,none,levophed,neosynephrine,none,Ancef,none,none
8,6178,No diabetes,0,0,0,0,0,9414,741,145,6.5375,145,12.35,No diabetes,A1,72.7,Female,Caucasian,A+,Yes,No,24.5,182,92,27.5,ANOXIA,cardiovascular,TRUE,9,0,2,1,,3,6178,,4.55,5,No,,,4.55,No diabetes,Y,Y,N,Y,N,N,N,N,Y,Y,Y,Fentanyl,KCL,Calcium Gluconate,none,none,none,none,none,none
4,6179,No diabetes,0,0,0,0,0,20106,1464,120,13.9625,120,24.4,No diabetes,O,72.4,Female,Caucasian,O-,Yes,Yes,21.8,157.5,51,20.7,HEAD TRAUMA,blunt injury,TRUE,9,0,2,1,,3,6179,,2.74,,No,,,2.74,No diabetes,Y,N,N,N,N,N,N,N,Y,Y,N,Lacrilube,NaHCO3,none,none,none,none,none,none,none
13,6187,No diabetes,0,0,0,0,0,5485,625,60,3.809027778,60,10.41666667,No diabetes,O,5.8,Male,Caucasian,O+,Yes,Yes,0.33,63.5,6.7,17.1,HEAD TRAUMA,blunt injury,TRUE,6,0,1,1,,1,6187,,0.72,,No,,None,0.72,No diabetes,N,N,N,N,N,N,Y,N,Y,N,N,Rocephin,none,none,Vancomycin,none,none,none,none,none
15,6200,No diabetes,0,0,0,0,0,3449,1456,30,2.395138889,30,24.26666667,No diabetes,,4.29,Female,Hispanic/Latino,O+,No,Unknown,0.006575343,41,2.2,14.5,Pulmonary hypoplasia,respiratory,TRUE,3,0,2,2,,1,6200,,0.2,,,,None,0.2,No diabetes,,,,,,,,,,,,none,none,none,none,none,none,none,none,none
15,6219,No diabetes,0,0,0,0,0,6322,1124,90,4.390277778,90,18.73333333,No diabetes,AB,4.99,Male,Hispanic/Latino,AB+,Yes,No,0.5,66,7.4,17,HEAD TRAUMA,blunt injury,TRUE,6,0,1,2,,1,6219,,1.53,,No,,None,1.53,No diabetes,N,Y,N,N,N,Y,Y,N,Y,Y,N,Versed,Rocuronium,none,Fentanyl,none,none,Ancef,none,none
8,6229,No diabetes,0,0,0,0,0,4489,835,100,3.117361111,100,13.91666667,No diabetes,O,45.6,Female,Caucasian,O+,Yes,No,31,156,65.5,26.9,HEAD TRAUMA,blunt injury,TRUE,6,0,2,1,,3,6229,,6.23,5.5,No,,None,6.23,No diabetes,Y,Y,N,Y,N,N,N,N,Y,N,Y,Zosyn,none,none,none,none,none,none,none,none
3,6230,No diabetes,0,0,0,0,0,4368,947,130,3.033333333,130,15.78333333,No diabetes,B,66.27,Male,Caucasian,B+,Yes,No,16,173,56.7,18.9,HEAD TRAUMA,gunshot wound,TRUE,6,0,1,1,,2,6230,,5.22,5.3,No,,None,5.22,No diabetes,N,N,N,Y,N,N,N,N,Y,Y,Y,duoneb zosyn,none,none,fentanyl vecuronium,none,none,levophed, neosynephrine,none
7,6235,No diabetes,0,0,0,0,0,3690,1020,120,2.5625,120,17,No diabetes,O,102.31,Male,Caucasian,O+,Yes,No,30,172.7,76,25.4,HEAD TRAUMA,gunshot wound,TRUE,3,0,1,1,,3,6235,,8.1,,No,,None,8.1,No diabetes,Y,Y,N,N,N,N,N,N,Y,N,N,Ancef,Levophed,none,Vecuronium,none,none,none,none,none
5,6250,No diabetes,0,0,0,0,0,2732,1081,25,1.897222222,25,18.01666667,No diabetes,O,,Male,Caucasian,O+,Yes,No,40,180.3,90.7,27.9,HEAD TRAUMA,blunt injury,TRUE,3,0,1,1,,3,6250,,7.31,,No,,None,7.31,No diabetes,Y,Y,N,Y,N,N,N,N,Y,N,Y,cardizem,none,none,cefazolin,none,none,none,none,none
6,6251,No diabetes,0,0,0,0,0,5366,310,75,3.726388889,75,5.166666667,No diabetes,A1,77.8,Female,Caucasian,A-,Yes,Yes,33,154.9,70,29.5,HEAD TRAUMA,,TRUE,6,0,2,1,,3,6251,,1.92,5.3,No,,None,1.92,No diabetes,N,N,N,N,N,N,N,N,Y,N,N,Ancef ,none,none,none,none,none,none,none,none
9,6254,No diabetes,0,0,0,0,0,4677,1248,105,3.247916667,105,20.8,No diabetes,A1B,69.9,Male,Caucasian,AB+,Yes,Yes,38,167.6,86,30.5,ANOXIA,asphyxiation,TRUE,6,0,1,1,,3,6254,,6.43,5.3,No,,None,6.43,No diabetes,N,N,N,N,N,N,N,N,Y,N,Y,Ancef,none,none,none,none,none,none,none,none
10,6278,No diabetes,0,0,0,0,0,2653,895,87,1.842361111,87,14.91666667,No diabetes,,33.6,Female,African Am,A,No,Unknown,10,157.5,52.4,21.3,ANOXIA,cardiovascular,TRUE,3,0,2,3,,1,6278,,4.54,6.3,No,,None,4.54,No diabetes,Y,Y,N,N,N,N,N,N,Y,Y,Y,Levophed,none,none,Vancomycin, Ephedrine,none,Vecuronium, Neosynephrine,none
14,6279,No diabetes,0,0,0,0,0,4860,2715,140,3.375,140,45.25,No diabetes,,80.17,Male,Caucasian,O+,No,Unknown,19,180.3,110.2,34,HEAD TRAUMA,blunt injury,TRUE,6,0,1,1,,2,6279,,8.01,,No,,None,8.01,No diabetes,N,N,N,N,N,N,N,N,Y,N,Y,Ceftriaxone,none,none,Lansoprazole,none,none,none,none,none
