set_num,ptid,Donor_Type,Organ_Received_Datetime_Flag,Organ_Frozen_Datetime_Flag,Admit_Datetime_Flag,Braindeath_Datetime_Flag,Xclamp_Datetime_Flag,Hospitalization_Stay_Minutes,Transport_Duration_Minutes,Processing_Time_Minutes,Hospitalization_Stay_Days,Processing_Time_Minutes1,transport_duration_hours,DonorType,abo_subtype,oppc_PancreasWT,oppc_Gender,oppc_Ethnicity,oppc_ABO,multi_organ_donor,non_hrt_beat_donor,oppc_ageR,oppc_heightR,oppc_weightR,oppc_bmiR,cod_final,death_mech_final,replace,hospbin,donor,sex,ethnicity,clamp_Datetime_Flag,age_group,nPODCaseID,diabetes_Duration_yrs,oppc_C_peptideR,oppc_HbA1cR,diabetes_history,insulin_depd,insulin_meds_taken,cpeptide,dataSetsDemographicsDonorType,pt_steroids,pt_diuretics,pt_t3,pt_t4,anticonv,antihype,vasodil,ddavp,heparin,arginine,insulin,other_meds1,other_meds2,other_meds3
6,6003,No diabetes,0,0,0,0,0,3994,84,30,2.7736111111,30,1.4,No diabetes,O,,Female,Caucasian,O+,Yes,No,23,160,75,29.3,HEAD TRAUMA,blunt injury,TRUE,3,0,2,1,,3,6003,,,,No,,None,,No diabetes,Y,Y,N,Y,Y,N,N,N,Y,N,N,CEFEPIME,DOPAMINE,CLINDAMYCIN
1,6005,No diabetes,0,0,0,0,0,9184,1496,30,6.3777777778,30,24.933333333,No diabetes,A1,,Female,Caucasian,A-,Yes,No,5,104,17,15.7,CEREBROVASCULAR/STROKE,intracranial hemorrhage/stroke,TRUE,9,0,2,1,,1,6005,,,,No,,None,,No diabetes,Y,Y,N,N,N,N,N,N,Y,N,Y,MYCAMINE,NARCAN,REGATINE
3,6007,No diabetes,0,0,0,0,0,9985,264,20,6.9340277778,20,4.4,No diabetes,O,,Male,African Am,O+,Yes,No,9,143,41,20,ANOXIA,,TRUE,9,0,1,3,,1,6007,,,,No,,None,,No diabetes,Y,Y,N,Y,Y,N,Y,N,Y,N,Y,ANCEF,,
7,6008,No diabetes,0,0,0,0,0,15058,112,30,10.456944444,30,1.8666666667,No diabetes,O,,Female,Caucasian,O+,Yes,Yes,50,160,62,24.2,HEAD TRAUMA,blunt injury,TRUE,9,0,2,1,,3,6008,,,,No,,None,,No diabetes,N,N,N,N,Y,N,N,N,N,N,Y,CEFEPINE,ANCF,KCL
5,6011,No diabetes,0,0,0,0,0,40531,59,42,28.146527778,42,0.9833333333,No diabetes,O,,Female,African Am,O+,Yes,No,46,163,70,26.3,CEREBROVASCULAR/STROKE,intracranial hemorrhage/stroke,TRUE,9,0,2,3,,3,6011,,,,No,,None,,No diabetes,Y,Y,N,N,N,N,N,N,Y,N,N,PROPOFOL,PENTOBARB,VANC
9,6019,No diabetes,0,0,0,0,0,11642,215,40,8.0847222222,40,3.5833333333,No diabetes,O,,Male,Caucasian,O-,Yes,No,42,175,95,31,HEAD TRAUMA,intracranial hemorrhage/stroke,TRUE,9,0,1,1,,3,6019,,0.47,5.6,No,,None,0.47,No diabetes,Y,Y,N,Y,Y,Y,N,N,Y,N,Y,NARCAN,FACTOR 7,D5D
10,6047,No diabetes,0,0,0,0,0,4851,737,30,3.36875,30,12.283333333,No diabetes,O,53.02,Male,Caucasian,O-,Yes,No,7.8,111.8,30,23.9,ANOXIA,drowning,TRUE,6,0,1,1,,1,6047,,0.65,5.5,No,,No,0.65,No diabetes,Y,Y,N,Y,Y,N,Y,N,Y,Y,Y,CLEOCIN,,
11,6048,No diabetes,0,0,0,0,0,1927,368,55,1.3381944444,55,6.1333333333,No diabetes,O,139,Male,Caucasian,O-,Yes,No,30,165.1,56,20.6,CEREBROVASCULAR/STROKE,intracranial hemorrhage/stroke,TRUE,3,0,1,1,,3,6048,,17.91,,No,,No,17.91,No diabetes,Y,Y,N,N,N,N,Y,Y,Y,Y,N,CEFEPIME,VANCOMYCIN,PROTONIX
10,6057,No diabetes,0,0,0,0,0,12416,709,255,8.6222222222,255,11.816666667,No diabetes,O,104.36,Male,Caucasian,O+,Yes,No,22,188,92,26,HEAD TRAUMA,blunt injury,TRUE,9,0,1,1,,3,6057,,16.23,,No,,No,16.23,No diabetes,N,Y,N,N,N,N,Y,N,Y,N,N,,,
6,6060,No diabetes,0,0,0,0,0,13119,396,215,9.1104166667,215,6.6,No diabetes,A1,104,Male,Caucasian,A+,Yes,No,24,175.3,100,32.7,HEAD TRAUMA,blunt injury,TRUE,9,0,1,1,,3,6060,,13.63,,No,,No,13.63,No diabetes,N,Y,N,Y,N,N,Y,N,Y,N,N,"COLACE, PROTONIX, PROPOFOL","CLOACIN, LEVAQUIN, MORPHINE","VANCOMYCIN, AMINOPHLLINE"
14,6073,No diabetes,0,0,0,0,0,3560,754,50,2.4722222222,50,12.566666667,No diabetes,O,66.5,Male,Caucasian,O+,Yes,No,19.2,165.1,98,36,ANOXIA,cardiovascular,TRUE,3,0,1,1,,2,6073,,0.69,,Unknown,,No,0.69,No diabetes,Y,Y,Y,N,N,N,N,Y,Y,Y,Y,Invanz 1 gram,Magnesium 1 gram,potassium chloride 20 meq
8,6099,No diabetes,0,1,0,0,0,2945,890,,2.0451388889,,14.833333333,No diabetes,A2B,85.56,Male,Caucasian,AB+,Yes,No,14.2,175.3,92,30,HEAD TRAUMA,blunt injury,TRUE,3,0,1,1,,2,6099,,5.37,,No,,No,5.37,No diabetes,Y,Y,N,Y,N,N,N,N,Y,Y,Y,neosynephrine,"merrem, KCL",flolan
11,6104,No diabetes,0,1,0,0,0,4703,352,,3.2659722222,,5.8666666667,No diabetes,O,55.2,Male,Caucasian,O+,Yes,No,41,190.5,74,20.5,ANOXIA,drug intoxication,TRUE,6,0,1,1,,3,6104,,20.55,,No,,No,20.55,No diabetes,Y,Y,N,N,N,N,Y,N,Y,N,N,NARCAN (Naloxone),CEFEPIME,
1,6106,No diabetes,0,0,0,0,0,4164,1131,45,2.8916666667,45,18.85,No diabetes,A1,16.32,Male,Caucasian,A+,Yes,No,2.9,94,16,18.1,ANOXIA,drowning,TRUE,3,0,1,1,,1,6106,,7.36,,No,,None,7.36,No diabetes,Y,Y,N,Y,N,N,N,N,Y,Y,Y,"Albuterol, Atrovent, Nystatin","Unasyn, Mag, Vit K","Na Bicarb, KCl, Pavulon"
13,6115,No diabetes,0,0,0,0,0,16117,848,45,11.192361111,45,14.133333333,No diabetes,A,3.9,Male,Caucasian,A1-,Yes,No,0.42,64,7,17.1,ANOXIA,sids,TRUE,9,0,1,1,,1,6115,,4.59,,No,,No,4.59,No diabetes,Y,Y,N,N,N,N,N,N,Y,Y,N,CEFEPIME,GENTAMYCIN,vancomycin
1,6117,No diabetes,0,0,0,0,0,4785,940,65,3.3229166667,65,15.666666667,No diabetes,B,5.4,Male,Caucasian,B-,Yes,No,0.33,66,8.5,18.4,HEAD TRAUMA,blunt injury,TRUE,6,0,1,1,,1,6117,,3.27,,No,,No,3.27,No diabetes,N,Y,N,Y,N,N,N,Y,Y,N,Y,"Dopamine, KCL, Zosyn",Dextrose,
4,6126,No diabetes,0,0,0,0,0,7024,673,340,4.8777777778,340,11.216666667,No diabetes,O,80.2,Male,Caucasian,O+,Yes,No,25.2,175.3,77,25.1,HEAD TRAUMA,blunt injury,TRUE,6,0,1,1,,3,6126,,0.88,,No,,No,0.88,No diabetes,Y,Y,N,Y,N,N,N,N,Y,Y,N,ANCEF,,
7,6129,No diabetes,0,0,0,0,0,6058,1132,75,4.2069444444,75,18.866666667,No diabetes,O,58.84,Female,Caucasian,O-,Yes,No,42.9,152.4,54,23.4,ANOXIA,intracranial hemorrhage/stroke,TRUE,6,0,2,1,,3,6129,,0.51,5.2,No,,No,0.51,No diabetes,Y,Y,N,N,N,Y,N,N,Y,N,Y,zosyn,,vecuronium
4,6131,No diabetes,0,0,0,0,0,2743,1127,120,1.9048611111,120,18.783333333,No diabetes,B,108.92,Male,Caucasian,B+,Yes,Yes,24.2,182.9,83,24.8,ANOXIA,drug intoxication,TRUE,3,0,1,1,,3,6131,,1.01,,No,,No,1.01,No diabetes,Y,N,N,Y,N,N,N,N,Y,Y,N,"dopamine, neo",levophed,"ancef, vonco, zoayn"
13,6134,No diabetes,0,0,0,0,0,2905,1010,75,2.0173611111,75,16.833333333,No diabetes,O,82.42,Male,Caucasian,O+,Yes,No,26.7,180.3,65,20.1,ANOXIA,drug intoxication,TRUE,3,0,1,1,,3,6134,,3.59,,No,,No,3.59,No diabetes,Y,Y,N,Y,N,Y,N,N,Y,Y,N,NEO/BICARB,MILRINONE/CARDEINE,ANCEF
11,6140,No diabetes,0,0,0,0,0,11767,835,195,8.1715277778,195,13.916666667,No diabetes,A1,65.1,Male,Caucasian,A+,Yes,No,38,170.2,59,21.7,CEREBROVASCULAR/STROKE,intracranial hemorrhage/stroke,TRUE,9,0,1,1,,3,6140,,11.1,6,No,,No,11.1,No diabetes,Y,Y,N,Y,N,Y,N,N,Y,Y,Y,ROCEPHIN/VANCOMYCIN,NIMBEX,BENADRYL
15,6144,No diabetes,0,0,0,0,0,34014,426,90,23.620833333,90,7.1,No diabetes,B,45,Female,Hispanic/Latino,B+,Yes,Yes,7.5,124.5,25,16.3,Respiratory Distress/Failure,natural causes,TRUE,9,0,2,2,,1,6144,,1.27,,No,,No,1.27,No diabetes,N,N,N,N,N,N,N,N,Y,N,N,,,
9,6162,No diabetes,0,0,0,0,0,2193,1203,115,1.5229166667,115,20.05,No diabetes,B,81.5,Male,African Am,B+,Yes,No,22.7,188,102,28.9,HEAD TRAUMA,gunshot wound,TRUE,3,0,1,3,,3,6162,,7.61,,No,,No,7.61,No diabetes,N,Y,N,Y,N,N,N,N,Y,Y,N,unasyn,,
5,6165,No diabetes,0,0,0,0,0,6815,985,120,4.7326388889,120,16.416666667,No diabetes,O,97.41,Female,Caucasian,O+,Yes,No,45.8,165.1,68,25,CEREBROVASCULAR/STROKE,,TRUE,6,0,2,1,,3,6165,,4.45,5.6,No,,No,4.45,No diabetes,N,Y,N,N,N,Y,N,N,Y,N,N,NIMBEX/NARCAN/FENTANYL,ALBUTEROL/ATROVENT,ZOSYN/TOBRAMYCIN/CISATRACURIUM
14,6172,No diabetes,0,0,0,0,0,10358,999,135,7.1930555556,135,16.65,No diabetes,A1,59.7,Female,Caucasian,A+,Yes,No,19.2,172.7,97,32.4,CEREBROVASCULAR/STROKE,intracranial hemorrhage/stroke,TRUE,9,0,2,1,,2,6172,,8.02,5.4,No,,,8.02,No diabetes,Y,Y,N,Y,N,N,N,Y,Y,Y,Y,,,
3,6174,No diabetes,0,0,0,0,0,1181,604,135,0.8201388889,135,10.066666667,No diabetes,O,79.3,Male,Caucasian,O+,Yes,No,20.8,196,75,19.5,CEREBROVASCULAR/STROKE,blunt injury,TRUE,3,0,1,1,,3,6174,,3,,No,,,3,No diabetes,Y,N,N,Y,N,N,N,N,Y,Y,Y,"dobutamine,","levophed, neosynephrine",Ancef
8,6178,No diabetes,0,0,0,0,0,9414,741,145,6.5375,145,12.35,No diabetes,A1,72.7,Female,Caucasian,A+,Yes,No,24.5,182,92,27.5,ANOXIA,cardiovascular,TRUE,9,0,2,1,,3,6178,,4.55,5,No,,,4.55,No diabetes,Y,Y,N,Y,N,N,N,N,Y,Y,Y,"Fentanyl,KCL, Calcium Gluconate",,
4,6179,No diabetes,0,0,0,0,0,20106,1464,120,13.9625,120,24.4,No diabetes,O,72.4,Female,Caucasian,O-,Yes,Yes,21.8,157.5,51,20.7,HEAD TRAUMA,blunt injury,TRUE,9,0,2,1,,3,6179,,2.74,,No,,,2.74,No diabetes,Y,N,N,N,N,N,N,N,Y,Y,N,"Lacrilube, NaHCO3",,
13,6187,No diabetes,0,0,0,0,0,5485,625,60,3.8090277778,60,10.416666667,No diabetes,O,5.8,Male,Caucasian,O+,Yes,Yes,0.33,63.5,6.7,17.1,HEAD TRAUMA,blunt injury,TRUE,6,0,1,1,,1,6187,,0.72,,No,,None,0.72,No diabetes,N,N,N,N,N,N,Y,N,Y,N,N,Rocephin,Vancomycin,
15,6200,No diabetes,0,0,0,0,0,3449,1456,30,2.3951388889,30,24.266666667,No diabetes,,4.29,Female,Hispanic/Latino,O+,No,Unknown,0.0065753425,41,2.2,14.5,Pulmonary hypoplasia,respiratory,TRUE,3,0,2,2,,1,6200,,0.2,,,,None,0.2,No diabetes,,,,,,,,,,,,,,
15,6219,No diabetes,0,0,0,0,0,6322,1124,90,4.3902777778,90,18.733333333,No diabetes,AB,4.99,Male,Hispanic/Latino,AB+,Yes,No,0.5,66,7.4,17,HEAD TRAUMA,blunt injury,TRUE,6,0,1,2,,1,6219,,1.53,,No,,None,1.53,No diabetes,N,Y,N,N,N,Y,Y,N,Y,Y,N,"Versed, Rocuronium",Fentanyl,Ancef
8,6229,No diabetes,0,0,0,0,0,4489,835,100,3.1173611111,100,13.916666667,No diabetes,O,45.6,Female,Caucasian,O+,Yes,No,31,156,65.5,26.9,HEAD TRAUMA,blunt injury,TRUE,6,0,2,1,,3,6229,,6.23,5.5,No,,None,6.23,No diabetes,Y,Y,N,Y,N,N,N,N,Y,N,Y,Zosyn,,
3,6230,No diabetes,0,0,0,0,0,4368,947,130,3.0333333333,130,15.783333333,No diabetes,B,66.27,Male,Caucasian,B+,Yes,No,16,173,56.7,18.9,HEAD TRAUMA,gunshot wound,TRUE,6,0,1,1,,2,6230,,5.22,5.3,No,,None,5.22,No diabetes,N,N,N,Y,N,N,N,N,Y,Y,Y,duoneb zosyn,fentanyl vecuronium,"levophed, neosynephrine"
7,6235,No diabetes,0,0,0,0,0,3690,1020,120,2.5625,120,17,No diabetes,O,102.31,Male,Caucasian,O+,Yes,No,30,172.7,76,25.4,HEAD TRAUMA,gunshot wound,TRUE,3,0,1,1,,3,6235,,8.1,,No,,None,8.1,No diabetes,Y,Y,N,N,N,N,N,N,Y,N,N,"Ancef, Levophed,",Vecuronium,
5,6250,No diabetes,0,0,0,0,0,2732,1081,25,1.8972222222,25,18.016666667,No diabetes,O,,Male,Caucasian,O+,Yes,No,40,180.3,90.7,27.9,HEAD TRAUMA,blunt injury,TRUE,3,0,1,1,,3,6250,,7.31,,No,,None,7.31,No diabetes,Y,Y,N,Y,N,N,N,N,Y,N,Y,cardizem,cefazolin,
6,6251,No diabetes,0,0,0,0,0,5366,310,75,3.7263888889,75,5.1666666667,No diabetes,A1,77.8,Female,Caucasian,A-,Yes,Yes,33,154.9,70,29.5,HEAD TRAUMA,,TRUE,6,0,2,1,,3,6251,,1.92,5.3,No,,None,1.92,No diabetes,N,N,N,N,N,N,N,N,Y,N,N,Ancef 1 Gm  q8h,,
9,6254,No diabetes,0,0,0,0,0,4677,1248,105,3.2479166667,105,20.8,No diabetes,A1B,69.9,Male,Caucasian,AB+,Yes,Yes,38,167.6,86,30.5,ANOXIA,asphyxiation,TRUE,6,0,1,1,,3,6254,,6.43,5.3,No,,None,6.43,No diabetes,N,N,N,N,N,N,N,N,Y,N,Y,Ancef,,
10,6278,No diabetes,0,0,0,0,0,2653,895,87,1.8423611111,87,14.916666667,No diabetes,,33.6,Female,African Am,A,No,Unknown,10,157.5,52.4,21.3,ANOXIA,cardiovascular,TRUE,3,0,2,3,,1,6278,,4.54,6.3,No,,None,4.54,No diabetes,Y,Y,N,N,N,N,N,N,Y,Y,Y,"Levophed,","Vancomycin, Ephedrine","Vecuronium, Neosynephrine"
14,6279,No diabetes,0,0,0,0,0,4860,2715,140,3.375,140,45.25,No diabetes,,80.17,Male,Caucasian,O+,No,Unknown,19,180.3,110.2,34,HEAD TRAUMA,blunt injury,TRUE,6,0,1,1,,2,6279,,8.01,,No,,None,8.01,No diabetes,N,N,N,N,N,N,N,N,Y,N,Y,Ceftriaxone,Lansoprazole,
